po_number,line_no,vendor_pn,part_id,confirmed_qty,confirmed_price,currency,promised_date,doc_date,source_file,match_method,match_confidence
PO-4500050001,1,BAR-A286-375,BAR-A286-375,2500.0,7.84,USD,2026-06-10,2026-05-17,apex_02.pdf,L1 Beacon PN on document,HIGH
PO-4500050002,1,BAR-CRES-250,BAR-CRES-250,1000.0,4.0102,USD,2026-05-21,2026-05-17,apex_05.pdf,L1 Beacon PN on document,HIGH
PO-4500050003,1,BAR-CRES-250,BAR-CRES-250,1500.0,3.92,USD,2026-05-30,2026-05-16,apex_07.pdf,L1 Beacon PN on document,HIGH
PO-4500050004,1,BAR-A286-250,BAR-A286-250,200.0,4.71,USD,2026-05-21,2026-05-06,apex_01.pdf,L1 Beacon PN on document,HIGH
PO-4500050005,1,BAR-A286-250,BAR-A286-250,1500.0,4.71,USD,2026-06-09,2026-05-05,apex_08.pdf,L1 Beacon PN on document,HIGH
PO-4500050006,1,BAR-A286-375,BAR-A286-375,5000.0,7.84,USD,2026-06-14,2026-05-04,apex_06.pdf,L1 Beacon PN on document,HIGH
PO-4500050007,1,BAR-A286-250,BAR-A286-250,1425.0,4.71,USD,2026-06-15,2026-05-15,apex_03.pdf,L1 Beacon PN on document,HIGH
PO-4500050008,1,BAR-A286-250,BAR-A286-250,1000.0,4.71,USD,2026-05-28,2026-05-07,apex_04.pdf,L1 Beacon PN on document,HIGH
PO-4500050008,2,BAR-TI64-188,BAR-TI64-188,1000.0,22.5,USD,2026-05-28,2026-05-07,apex_04.pdf,L1 Beacon PN on document,HIGH
PO-4500050009,1,APH-441,CHB-9472-3,50000.0,0.84,USD,2026-06-08,2026-05-03,heritage_01.pdf,L2 Crosswalk APH-441 -> CHB-9472-3,HIGH
PO-4500050010,1,CHB-7715,CHB-7715,25000.0,0.62,USD,2026-06-23,2026-05-12,heritage_04.pdf,L1 Beacon PN on document,HIGH
PO-4500050011,1,APH-441,CHB-9472-3,5000.0,0.84,USD,2026-06-04,2026-05-10,heritage_07.pdf,L2 Crosswalk APH-441 -> CHB-9472-3,HIGH
PO-4500050011,2,CHB-3301,CHB-3301,25000.0,0.41,USD,2026-06-04,2026-05-10,heritage_07.pdf,L1 Beacon PN on document,HIGH
PO-4500050011,3,CHB-7715,CHB-7715,25000.0,0.62,USD,2026-06-04,2026-05-10,heritage_07.pdf,L1 Beacon PN on document,HIGH
PO-4500050012,1,APH-441-OS,CHB-9472-4,15000.0,0.86,USD,2026-06-18,2026-05-11,heritage_06.pdf,L4 Inferred (qty+price+line no),MEDIUM
PO-4500050013,1,CHB-7715,CHB-7715,25000.0,0.62,USD,2026-05-18,2026-05-08,heritage_03.pdf,L1 Beacon PN on document,HIGH
PO-4500050013,2,APH-441,CHB-9472-3,5000.0,0.84,USD,2026-05-18,2026-05-08,heritage_03.pdf,L2 Crosswalk APH-441 -> CHB-9472-3,HIGH
PO-4500050014,1,APH-441,CHB-9472-3,25000.0,0.84,USD,2026-06-07,2026-05-02,heritage_05.pdf,L2 Crosswalk APH-441 -> CHB-9472-3,HIGH
PO-4500050014,2,CHB-3301,CHB-3301,25000.0,0.41,USD,2026-06-07,2026-05-02,heritage_05.pdf,L1 Beacon PN on document,HIGH
PO-4500050014,3,CHB-7715,CHB-7715,10000.0,0.62,USD,2026-06-07,2026-05-02,heritage_05.pdf,L1 Beacon PN on document,HIGH
PO-4500050015,1,APH-441-OS,CHB-9472-4,25000.0,0.86,USD,2026-06-17,2026-05-13,heritage_02.pdf,L4 Inferred (qty+price+line no),MEDIUM
PO-4500050015,2,CHB-7715,CHB-7715,25000.0,0.62,USD,2026-06-17,2026-05-13,heritage_02.pdf,L1 Beacon PN on document,HIGH
PO-4500050015,3,APH-441,CHB-9472-3,5000.0,0.84,USD,2026-06-17,2026-05-13,heritage_02.pdf,L2 Crosswalk APH-441 -> CHB-9472-3,HIGH
PO-4500050016,1,PASV,PLAT-PASV,1500.0,,USD,2026-05-17,2026-05-13,liberty_01.pdf,L3 Description match,HIGH
PO-4500050016,1,PASV,PLAT-PASV,1000.0,,USD,2026-05-24,2026-05-16,liberty_02.pdf,L3 Description match,HIGH
PO-4500050017,1,CAD,PLAT-CAD,2500.0,,USD,2026-05-28,2026-05-15,liberty_04.pdf,L3 Description match,HIGH
PO-4500050018,1,CAD,PLAT-CAD,2500.0,,USD,2026-05-19,2026-05-14,liberty_06.pdf,L3 Description match,HIGH
PO-4500050020,1,CAD,PLAT-CAD,10000.0,,USD,2026-05-17,2026-05-14,liberty_07.pdf,L3 Description match,HIGH
PO-4500050021,1,PASV,PLAT-PASV,2500.0,,USD,2026-05-13,2026-05-10,liberty_05.pdf,L3 Description match,HIGH
PO-4500050022,1,,HT-PRECIP,500.0,,USD,2026-06-11,2026-05-14,continental_01.pdf,L3 Description match,HIGH
PO-4500050023,1,,HT-PRECIP,750.0,,USD,2026-05-23,2026-05-12,continental_04.pdf,L3 Description match,HIGH
PO-4500050024,1,,HT-SOLN,350.0,,USD,2026-05-09,2026-05-16,continental_03.pdf,L3 Description match,HIGH
PO-4500050025,1,,HT-SOLN,350.0,,USD,2026-05-07,2026-05-14,continental_02.pdf,L3 Description match,HIGH
PO-4500050026,1,OST-CAR-A-100,TOOL-INS-CAR,250.0,16.744,EUR,2026-07-02,2026-04-30,ostmark_03.pdf,L4 Inferred (qty+price+line no),MEDIUM
PO-4500050027,1,TOOL-DIE-9472,TOOL-DIE-9472,25.0,1140.8,EUR,2026-05-31,2026-05-01,ostmark_01.pdf,L1 Beacon PN on document,HIGH
PO-4500050027,2,OST-CAR-A-100,TOOL-INS-CAR,50.0,16.744,EUR,2026-05-31,2026-05-01,ostmark_01.pdf,L4 Inferred (qty+price+line no),MEDIUM
PO-4500050028,1,TOOL-DIE-9472,TOOL-DIE-9472,5.0,1140.8,EUR,2026-06-13,2026-04-30,ostmark_04.pdf,L1 Beacon PN on document,HIGH
PO-4500050029,1,TOOL-DIE-9472,TOOL-DIE-9472,5.0,1140.8,EUR,2026-06-08,2026-05-07,ostmark_02.pdf,L1 Beacon PN on document,HIGH
PO-4500050029,2,OST-CAR-A-100,TOOL-INS-CAR,250.0,16.744,EUR,2026-06-08,2026-05-07,ostmark_02.pdf,L4 Inferred (qty+price+line no),MEDIUM
PO-4500050030,1,MISC-SPR-001,MISC-SPR-001,500.0,0.18,USD,2026-05-21,2026-05-11,quickship_02.pdf,L1 Beacon PN on document,HIGH
PO-4500050031,1,MISC-WAS-A25,MISC-WAS-A25,500.0,0.06,USD,2026-05-15,2026-05-10,quickship_04.pdf,L1 Beacon PN on document,HIGH
PO-4500050032,1,MISC-WAS-A25,MISC-WAS-A25,500.0,0.06,USD,2026-05-18,2026-05-14,quickship_03.pdf,L1 Beacon PN on document,HIGH
PO-4500050032,2,MISC-SPR-001,MISC-SPR-001,1000.0,0.18,USD,2026-05-18,2026-05-14,quickship_03.pdf,L1 Beacon PN on document,HIGH
